SEO_Element,Value
File Path,version-2015/index.html
Title,Law4Veterans - 2015 Version
Meta Description,Not Found
Meta Keywords,Not Found
Meta Author,Not Found
Meta Viewport,"width=device-width, initial-scale=1.0"
Meta Robots,Not Found
Canonical URL,Not Found
h1_1,DENIED VA BENEFITS?
h2_1,"Joseph M Bochicchio, PLLC"
h2_2,Denied Veterans Disability Benefits?
h2_3,"Feel Like You're ""Locked Out"" of Your Benefits?"
h3_1,Law 4 Veterans
Link_1,#
Link_2,#
Link_3,#
Link_4,#
Language,en
---,---
File Path,version-2015/scraped_content.html
Title,Not Found
Meta Description,Not Found
Meta Keywords,Not Found
Meta Author,Not Found
Meta Viewport,Not Found
Meta Robots,Not Found
Canonical URL,Not Found
Language,Not Found
---,---
